{
    "accuracy": 0.6819221967963387,
    "precision": 0.6739925814778793,
    "recall": 0.6819221967963387,
    "f1_score": 0.652537635874184
}
